Segment,customers,total_revenue,avg_revenue,avg_recency_days,avg_frequency,avg_monthly_revenue,revenue_share
Champions,1292,12087432.745,9355.598099845201,19.726006191950464,17.13003095975232,515.5419995548028,0.6812343106701805
Regular,1546,2461743.088,1592.3305873221216,137.92238033635186,4.508408796895213,240.73794598362255,0.13874111161399985
At Risk (High Value),616,1549099.082,2514.771237012987,359.2581168831169,5.621753246753247,419.10279470331824,0.08730550709559125
Hibernating,1526,668139.902,437.83741939711666,458.7496723460026,1.2529488859764089,348.4394371640041,0.03765562424812582
Loyal,457,582804.511,1275.2833938730855,24.12910284463895,4.043763676148797,289.0635658970974,0.032846216205073636
New/Promising,441,394209.85,893.8998866213151,27.965986394557824,1.4603174603174602,386.7700090116683,0.02221723016702876
